arquivo_original,extensao,bytes,sha256
Sistema de Gestão Financeiro Pessoal/Documento de Visão 1 0 3b50c1676cbc8010bea6d0fe0066a253.md,.md,7260,6c34f3f9f139d31197facfbf0b22ae85b229880b2d8684efec7ad64add9f1267
Sistema de Gestão Financeiro Pessoal/Etapas do Projeto — S G F P/Documento de Visão 2e491e84998e456085cac0ea9ad27bb5.md,.md,9415,8d68df232b99ed251e867e2208b5e4c0a6226b1af627742cab039669be3aecdc
Sistema de Gestão Financeiro Pessoal/Etapas do Projeto — S G F P/Etapa 10 — Desenvolvimento da API 5692b92f441948bb8a334be18a347a8f.md,.md,190,8887954421252afc708638c1707a47209389223a2aaa53f1bc8bd8bbb2500027
Sistema de Gestão Financeiro Pessoal/Etapas do Projeto — S G F P/Etapa 11 — Desenvolvimento da Interface Web c2b81d32c3474bb7b580211a463966c6.md,.md,223,bda17f8c91453353adbd7e72dbe66ba6add674107ff2dba2a62caa89a69706c7
Sistema de Gestão Financeiro Pessoal/Etapas do Projeto — S G F P/Etapa 12 — Testes 0510aad5d43040818407713a586cb383.md,.md,205,ceae11d563983331605c2a20f1002a930cbf8750ea577fcee69a39f8c87a2a5b
Sistema de Gestão Financeiro Pessoal/Etapas do Projeto — S G F P/Etapa 2 — Levantamento de Requisitos 6f52c65eaee444d8b7f55772f6e6c2a9.md,.md,717,c906e866dd7b287d7956c5d2f2a20babde76eb656dfc0469f47dab2367e4b46d
Sistema de Gestão Financeiro Pessoal/Etapas do Projeto — S G F P/Etapa 3 — Especificação de Requisitos (SRS) e410d64300ee4bf4aedd764880b7d3ef.md,.md,6278,420672390117a328d23499ee33d287921bad4a19e48347a1c2d5f6e348a687c8
Sistema de Gestão Financeiro Pessoal/Etapas do Projeto — S G F P/Etapa 4 — Casos de Uso 0ffd0cea366845409d6395b670ae2bcf.md,.md,606,cc3c7a063a4f3704578ba7dbee71843777e94f104b8d78d6271352f61325ec2a
Sistema de Gestão Financeiro Pessoal/Etapas do Projeto — S G F P/Etapa 5 — Mapa do Domínio e36380e4bc5345bc9e289e16a722a35a.md,.md,284,4d4c30d7a6b55bee2814537be4952ae15dc9487eaeeebe019d18015f3f23d1de
Sistema de Gestão Financeiro Pessoal/Etapas do Projeto — S G F P/Etapa 6 — Modelagem Conceitual (MER) 1120ce2383b448e08e3522964e3f8dad.md,.md,243,fc5bd634638727dc381441279c6f18057cb504503789d861ec70d5a6a0a983d2
Sistema de Gestão Financeiro Pessoal/Etapas do Projeto — S G F P/Etapa 7 — Modelo Entidade-Relacionamento (DER) 5427d372b1d34f9fba15704ae0a59871.md,.md,232,9fd5c4fa69cdca03b8082089526274c2538730f47fbad4eb22943a83f455984a
Sistema de Gestão Financeiro Pessoal/Etapas do Projeto — S G F P/Etapa 8 — Modelo Físico 9c065f9dc8ba4eb8946c11c7370a792b.md,.md,207,cfc48707f0c0aba4f4e5c6c3a1f9bfd263d5484091bbb87fa2aa0cc70cc3f68e
Sistema de Gestão Financeiro Pessoal/Etapas do Projeto — S G F P/Etapa 9 — Arquitetura da Aplicação 158d8f74bc9d49bc86198456fabe59bb.md,.md,259,cbc1534031f2a7dfc9453f74c2f56623eb9627b5224a062f7baf096f9880e709
Sistema de Gestão Financeiro Pessoal/Etapas do Projeto — S G F P/Plano de Desenvolvimento do Projeto SGFP 3ba0c1676cbc806f99e0fb821694950e.md,.md,21449,6f73def4e81deaf94d3559057a3a942dc5e989969d814904b8fb2c8927f7d7a0
Sistema de Gestão Financeiro Pessoal/Etapas do Projeto — S G F P 70ec45cef5fd4a3b948554e7fbed8261.csv,.csv,3640,b78d6812a253cbfd64a9846c522a5cfcbcf8cd83e1384d443c1c164aa8280cda
Sistema de Gestão Financeiro Pessoal/Etapas do Projeto — S G F P 70ec45cef5fd4a3b948554e7fbed8261_all.csv,.csv,5067,f46140d3fb33ba63e72f214c5740f31cf57934eddc0f50e0c928166c999b4020
Sistema de Gestão Financeiro Pessoal/Plano de Desenvolvimento do Projeto SGFP 1 0 3b50c1676cbc802fab3cf730cff922a9.md,.md,6490,84846656546dc45b1fe7a2a41562225cabb249f1fef4409d82e7053b98088d69
Sistema de Gestão Financeiro Pessoal/Plano de Desenvolvimento do Projeto SGFP 1 1 3b80c1676cbc803ea66cfe99b1f64d09.md,.md,17640,b448ab18e7d07cb0978c486926335f9877a76c59d5e5e25fed211281fe9aca83
Sistema de Gestão Financeiro Pessoal/Plano de Desenvolvimento do Projeto SGFP 1 2 3ba0c1676cbc801bacc9c430a7e883f9.md,.md,20974,b9cd53d3fcdcd3666fea1f963e849206e4b6e8045f8640ae49be0e46eec42bbd
Sistema de Gestão Financeiro Pessoal/Subetapas - Etapa 1 - Levantamento de Requisitos/Arquivos c95499e2d2304c8f94b1b8f620ee6ff7.md,.md,318,3dad718e666ab36c1ce32e441be657649d9e46327f022ae7d8f46cac4100ba9e
Sistema de Gestão Financeiro Pessoal/Subetapas - Etapa 1 - Levantamento de Requisitos/Casos específicos de Compromissos Financeiros 38191704af924f6ca4ac93d2bd3ed4e2.md,.md,452,a9625bdd835a4c274d727810e3099907816d900ff5590e3510c68767a60f3dac
Sistema de Gestão Financeiro Pessoal/Subetapas - Etapa 1 - Levantamento de Requisitos/Categorias 2bd28bb00168438d9820cc97f3e98db2.md,.md,335,8c846e49ae643ea731c34cb2b3e87cfd8369a4509624fc8ef6a395f7fc35161d
Sistema de Gestão Financeiro Pessoal/Subetapas - Etapa 1 - Levantamento de Requisitos/Compromissos 3b60c1676cbc80028cefda525246e0ff.md,.md,341,34c41b049ec6fe5113774786f8b4942d10af43bc655b87089bbea12f8680928f
Sistema de Gestão Financeiro Pessoal/Subetapas - Etapa 1 - Levantamento de Requisitos/Configurações b6afd4b0ce27435cb316931b011aa7ae.md,.md,347,353b1412bb6e4a00a6af8048e7d784485b64c5668df319702bb619e502787abe
Sistema de Gestão Financeiro Pessoal/Subetapas - Etapa 1 - Levantamento de Requisitos/Contas f41820c0b23e473aa9a33e958dbe7249.md,.md,323,72a9efbec914a5cd40809c5d0f14ea1f16b84e35852f7bc86ecc9dd72a4b22dc
Sistema de Gestão Financeiro Pessoal/Subetapas - Etapa 1 - Levantamento de Requisitos/Dashboards 9337ea82aec94f19a45054a2fd431b8b.md,.md,323,530e2a3f645e32b24cd33dfc5379eb8db1977804fa98cbbfa30177730564f9fd
Sistema de Gestão Financeiro Pessoal/Subetapas - Etapa 1 - Levantamento de Requisitos/Integrações 28b320d517c64a61ba1abde8456b8f73.md,.md,341,9734b327e9d11441b3ceb70c3628285801f7ae2bc75edcccdff51de9f9995351
Sistema de Gestão Financeiro Pessoal/Subetapas - Etapa 1 - Levantamento de Requisitos/Lançamentos Financeiros 7ecd9a1b4f714d93afb0125e9d6fdc78.md,.md,383,3150bf1b142975e12f42ce783442387635c6f873e12c98aea885a287d687c9cb
Sistema de Gestão Financeiro Pessoal/Subetapas - Etapa 1 - Levantamento de Requisitos/Login e Usuários b2e51550abeb4464b721d06ee1a70b84.md,.md,364,f5f8f0cccdae3c8f7a9721063214184e784c807c1ca944b3b834e976cb6b2123
Sistema de Gestão Financeiro Pessoal/Subetapas - Etapa 1 - Levantamento de Requisitos/Recorrências 3b60c1676cbc80ecb936d7b9589c9b57.md,.md,348,7952203b5070e734e3d5b642b017ad981eb655a95880d99df8677092d39c100c
Sistema de Gestão Financeiro Pessoal/Subetapas - Etapa 1 - Levantamento de Requisitos/Relatórios 509066d1248149949f41bc2ca9f8dcd8.md,.md,331,5dbe751225f28907bebedd29e04c1e6766d498c335cb9419b1be0571a8815661
Sistema de Gestão Financeiro Pessoal/Subetapas - Etapa 1 - Levantamento de Requisitos/Segurança 55599a682b344556bee785d9c1161ae4.md,.md,328,93394c8d66f692aa2b88326e3f68e1af9378371ae94cea2b0a25d7c682675272
Sistema de Gestão Financeiro Pessoal/Subetapas - Etapa 1 - Levantamento de Requisitos/Transferências 5dac3e42dcf24f3b96cd3c031760be52.md,.md,354,a806708b2b9c71b581993f1db8e9e06f6f72e2f6998b95620e29c1b3a7d5988b
Sistema de Gestão Financeiro Pessoal/Subetapas - Etapa 1 - Levantamento de Requisitos c765878df31148049ac58b0ca3fb8929.csv,.csv,4243,34841a11e7211b8ceacdb90da9b11443d64ce9c0d4edeba6ea2107b989882cdb
Sistema de Gestão Financeiro Pessoal/Subetapas - Etapa 1 - Levantamento de Requisitos c765878df31148049ac58b0ca3fb8929_all.csv,.csv,4243,41c2f0bd52e1bde9d2c5e88bcc0d204d9a89f4e352589345ba3a019bd8f5826f
Sistema de Gestão Financeiro Pessoal/Subetapas - Etapa 3 - Especificação de Requisitos/Critérios de Aceitação 3be0c1676cbc80c6b257fa36f239087e.md,.md,385,941a34bec350e7a59cbb44ef0ee1b052860bfd8f4c0b08cc4b0f5108cd29b224
Sistema de Gestão Financeiro Pessoal/Subetapas - Etapa 3 - Especificação de Requisitos/Descrição Geral do Sistema 3be0c1676cbc8035be4cf9d54f78be72.md,.md,392,94eddc2bbfd5aba0cd426b57a6c60e02fa7d4f70f1e269c5f959d01b9b8a0227
Sistema de Gestão Financeiro Pessoal/Subetapas - Etapa 3 - Especificação de Requisitos/Introdução 3be0c1676cbc80b285b3cf04210aaf9f.md,.md,337,d6ede6972ab615ebcd73cd0d544ea5a888888b33cc4f65147fd72ce2009277e6
Sistema de Gestão Financeiro Pessoal/Subetapas - Etapa 3 - Especificação de Requisitos/Rastreabilidade dos Requisitos 3be0c1676cbc808d9490e73a5045cf04.md,.md,387,9f5cfa71dfa4b7653b1b0913bf10333110fa8ac7a85cc69d560e1660192cc869
Sistema de Gestão Financeiro Pessoal/Subetapas - Etapa 3 - Especificação de Requisitos/Regras de Negócio 3be0c1676cbc808eab1ad5f7b25e8064.md,.md,356,07b34e2f7fef13427ddbf8e94848fd357a2bd59fbd60fb9339007abd2437f23c
Sistema de Gestão Financeiro Pessoal/Subetapas - Etapa 3 - Especificação de Requisitos/Requisitos Funcionais 3be0c1676cbc80168e12c90b6b361c55.md,.md,359,a4e61706722ec16c53fe373cbbf64ff4a9a8adf36d12b63806a16a6cd902be09
Sistema de Gestão Financeiro Pessoal/Subetapas - Etapa 3 - Especificação de Requisitos/Requisitos Não Funcionais 3be0c1676cbc80d2a66ce5235d1f8b73.md,.md,379,1e51ed109136ab0e5aa1cfe128c2f9031281c3be2bdf4a6907ddfaa8315e8a5f
Sistema de Gestão Financeiro Pessoal/Subetapas - Etapa 3 - Especificação de Requisitos/Restrições e Dependências 3be0c1676cbc80a19e55f583304443ed.md,.md,394,296797df99adfc030904526fb33e5a83d24b35122df022f44de248bbbe60d8b7
Sistema de Gestão Financeiro Pessoal/Subetapas - Etapa 3 - Especificação de Requisitos 3be0c1676cbc80b899a5e085dcb57b75.csv,.csv,2693,ccb92291dcdb53f26f2c2303c9452d2489975ede3d99957200a106498b950906
Sistema de Gestão Financeiro Pessoal/Subetapas - Etapa 3 - Especificação de Requisitos 3be0c1676cbc80b899a5e085dcb57b75_all.csv,.csv,2693,e6ef43c47b46f2ff4a31ae23c7f305a1b03c1f00182f2e0fbcb8563a2a89d2ea
Sistema de Gestão Financeiro Pessoal/Tarefas — S G F P/@Documento de Visão 3ba0c1676cbc8078942ae64e60af70fa.md,.md,9790,6862222f6af25c54e82f614ab701cea6b60ed549c5c463137298ff874964e494
Sistema de Gestão Financeiro Pessoal/Tarefas — S G F P/@Etapa 2 — Levantamento de Requisitos 3ba0c1676cbc8000977de63e07e86f44.md,.md,3849,9cbc16208531fc3fe944e5efea128e80d29613e8879067a5ae318cd171503fe2
Sistema de Gestão Financeiro Pessoal/Tarefas — S G F P/@Etapa 3 — Especificação de Requisitos (SRS) 3ba0c1676cbc80579927e055f8ce6e4b.md,.md,6296,415322c7c311bf84823f02119a27e0944e0073a81913a18428ed781eb16932e6
Sistema de Gestão Financeiro Pessoal/Tarefas — S G F P/@Etapa 4 — Casos de Uso/SGFP_Casos_de_Uso_v1.0.md,.md,33844,53e5a36f0105d7710577c9efa7646af5f67d0635dd46fc704bde228668160e96
Sistema de Gestão Financeiro Pessoal/Tarefas — S G F P/@Etapa 4 — Casos de Uso 3c60c1676cbc80a2826dd1fcaf5873aa.md,.md,722,4958b256aee3d2e82420d23a5cb696f0acf55e5e35b4685ecf6a70a391b3274e
Sistema de Gestão Financeiro Pessoal/Tarefas — S G F P/@Plano de Desenvolvimento do Projeto SGFP 3ba0c1676cbc8063be27e85900441429.md,.md,25184,f38b78917e1c5545cbafc3e01f919870200c4008b214bdc11b6874736097b2f6
Sistema de Gestão Financeiro Pessoal/Tarefas — S G F P/Sem título 3bb0c1676cbc801aa0ede8e76718578b.md,.md,72,a9fdbef2b649ab4862a53e1784372a9c0bb1726f5165a5e80bb552e7595fa6ec
Sistema de Gestão Financeiro Pessoal/Tarefas — S G F P/Tarefa @Arquivos 3b80c1676cbc80a3932fdf465e7a6a84.md,.md,7962,9b9a7630e866187c80fd1dd73eef085f9176140b098fc3068009af92b442d49a
Sistema de Gestão Financeiro Pessoal/Tarefas — S G F P/Tarefa @Casos de Uso/SGFP_Casos_de_Uso_v1.0.md,.md,33844,53e5a36f0105d7710577c9efa7646af5f67d0635dd46fc704bde228668160e96
Sistema de Gestão Financeiro Pessoal/Tarefas — S G F P/Tarefa @Casos de Uso 3bf0c1676cbc800693c1ec75da52de3b.md,.md,239,4ae1172122044c8111a71518f3b8554ea0f9b0434c56dbfb2d198349586813d9
Sistema de Gestão Financeiro Pessoal/Tarefas — S G F P/Tarefa @Casos específicos de Compromissos Financei 3b70c1676cbc80938ec2fd66b32ba096.md,.md,8319,3b738f2e0160963603df3881730241aeafa9af15103f0ab998d7aabffb9221d2
Sistema de Gestão Financeiro Pessoal/Tarefas — S G F P/Tarefa @Categorias 3b70c1676cbc80b2ab52c9aba712f7f3.md,.md,3702,d742b5ee266a76b1f572b3830f7be2c3564f4bdadbb50e1eaa16fc911e6f1862
Sistema de Gestão Financeiro Pessoal/Tarefas — S G F P/Tarefa @Compromissos 3b70c1676cbc80009810d1dd39af79c3.md,.md,4775,eecf6f0a5824bc7e454679fc90493425f3746da4c4c54c5c85ee4dd9623b6d8f
Sistema de Gestão Financeiro Pessoal/Tarefas — S G F P/Tarefa @Configurações 3b70c1676cbc80ea86eaef3f8774d081.md,.md,7115,2f98a80b43d12fdaeefade1d8638f0fc8f674d96fcca11473ca74ed1ec3dc953
Sistema de Gestão Financeiro Pessoal/Tarefas — S G F P/Tarefa @Contas 3b70c1676cbc808da620e4c2255d45e3.md,.md,3162,5bc5da1a2d075770bf27850892f9788608dd8126ca40096ed8d9e199e1e21c5e
Sistema de Gestão Financeiro Pessoal/Tarefas — S G F P/Tarefa @Critérios de Aceitação 3c60c1676cbc80628e13f18fc7e982b7.md,.md,24835,64bb1698b637eaf5f5fab29f13bb8695ff286f6a38e61ff35fcdbf189244bbe9
Sistema de Gestão Financeiro Pessoal/Tarefas — S G F P/Tarefa @Dashboards 3b70c1676cbc80fdbe37e561ce05c4a5.md,.md,5640,e2415e528023909d7d37c698ab88f598efd2645768ead571766eeecefc55bb22
Sistema de Gestão Financeiro Pessoal/Tarefas — S G F P/Tarefa @Descrição Geral do Sistema 3bf0c1676cbc8037bcfce3706541d3e3.md,.md,1996,d61d1352f72b9b1670920e930a54fc68a0bc49327cb26ee699748fac1fe042a9
Sistema de Gestão Financeiro Pessoal/Tarefas — S G F P/Tarefa @Integrações 3b80c1676cbc8050a17bc66ddb7b34ca.md,.md,1780,b6003b541770ad12e274a66ad639ad817430716fe58f6f0f22d8b59e762894bf
Sistema de Gestão Financeiro Pessoal/Tarefas — S G F P/Tarefa @Introdução 3bf0c1676cbc806aa3fdcf642d550b1f.md,.md,2452,1936e8aae6c3e5b54dd9dea3b324982c6b8a01486499cdae489895cdc1aa9ef8
Sistema de Gestão Financeiro Pessoal/Tarefas — S G F P/Tarefa @Lançamentos Financeiros 3b70c1676cbc80288da6fa30d1249818.md,.md,9254,202df3b83010401c8b1cf670af0e43d024bae3168117e2dfd435f1ad6fae49bf
Sistema de Gestão Financeiro Pessoal/Tarefas — S G F P/Tarefa @Login e Usuários 3b70c1676cbc8086adebc7d4ee98d5ca.md,.md,5652,1ef21f2ac65f94804aa01624f3ddb47b4bf9cee3c6bfab176ed7ba32db65c607
Sistema de Gestão Financeiro Pessoal/Tarefas — S G F P/Tarefa @Rastreabilidade dos Requisitos 3c60c1676cbc8023a377f675a6abe607.md,.md,6342,0fe4f9eda3bcb84f2bbac574a15af122ecdb0858d091cf49d805d7a4f487061f
Sistema de Gestão Financeiro Pessoal/Tarefas — S G F P/Tarefa @Recorrências 3b70c1676cbc80fb85b3d0d771e1d839.md,.md,6018,31551f895bbd4926a9998f491512c2c5760c9dd4e26772dcf083e30ed72ca55d
Sistema de Gestão Financeiro Pessoal/Tarefas — S G F P/Tarefa @Regras de Negócio 3bf0c1676cbc80479456da17ea46172b.md,.md,1090,1e6c100ccce1fd891df55bb2059df64f41ac12710fd653dce70de77bbb2405ce
Sistema de Gestão Financeiro Pessoal/Tarefas — S G F P/Tarefa @Relatórios 3b70c1676cbc802aa689f30294e9131c.md,.md,4427,a723e6b13cd4dcb71034e0a002260ef5bd6191dfe226e0e8d16c2cf1bb664e46
Sistema de Gestão Financeiro Pessoal/Tarefas — S G F P/Tarefa @Requisitos Funcionais 3bf0c1676cbc805e8aebfd48fa5e7d20.md,.md,6342,55b394f29a6b1e192d939dcb4c28d32476cf104e1aa4767736c6a0e149929ff0
Sistema de Gestão Financeiro Pessoal/Tarefas — S G F P/Tarefa @Requisitos Não Funcionais 3bf0c1676cbc8059915af0c43a947aec.md,.md,6415,0c14607dc95821bcdad7c0e6bbaed5dd15fa50ac081eab9df4de7b4828cd79d0
Sistema de Gestão Financeiro Pessoal/Tarefas — S G F P/Tarefa @Restrições e Dependências 3c60c1676cbc8041bbdde39a70ed6df9.md,.md,9988,c91b583ad89d017ba6953e3c1c7c2c7264cd13923fb9877a4d9e65ed09b52311
Sistema de Gestão Financeiro Pessoal/Tarefas — S G F P/Tarefa @Segurança 3b80c1676cbc80baa82cd771cc694f9b.md,.md,5341,f8f93f29cb4412c9ac95e6303130280d50231c30c1596224a6c5d73846e66e79
Sistema de Gestão Financeiro Pessoal/Tarefas — S G F P/Tarefa @Transferências 3b70c1676cbc80038551eed7b7f2a1b6.md,.md,7422,e520fa12faa22518b61e317eebf50bc7f2912298a4f6b9a0f88bf3c276c0a908
Sistema de Gestão Financeiro Pessoal/Tarefas — S G F P f956739c4ee54321a5493d14b9d19fdb.csv,.csv,7000,992bdffba0952a38ed13c5337cf07258c02cdaf6c8b7bf8c5b0f17e6d3e2796a
Sistema de Gestão Financeiro Pessoal/Tarefas — S G F P f956739c4ee54321a5493d14b9d19fdb_all.csv,.csv,15788,23ccd4be5c0e91663663efe20e90d3f595d4e4105075198a9284609ac2a36cf8
Sistema de Gestão Financeiro Pessoal/Tópicos em discussão/Sem título/Backup local ou enviado no e-mail 3b80c1676cbc80b1b7e1f98d25c3f219.md,.md,40,3a91dcef87a213db5f5a83ec082c539960e1ad979c45258bcf81a681c0bbd80c
Sistema de Gestão Financeiro Pessoal/Tópicos em discussão/Sem título 3b80c1676cbc80c0b1ccd374122d39dc.csv,.csv,49,fd3d24307b1405c98adc786211db025274fe6c7a2b3583efe0e3b52112dfd18f
Sistema de Gestão Financeiro Pessoal/Tópicos em discussão/Sem título 3b80c1676cbc80c0b1ccd374122d39dc_all.csv,.csv,49,fd3d24307b1405c98adc786211db025274fe6c7a2b3583efe0e3b52112dfd18f
Sistema de Gestão Financeiro Pessoal/Tópicos em discussão 3b80c1676cbc80ff8efbca3b24b3d1d4.md,.md,132,8cc8ba6749ec3f81f6f12353e810f1c25e2a32137f79cb5c648ad6a1120b00db
Sistema de Gestão Financeiro Pessoal 3b50c1676cbc8051939fe234e54bc77c.md,.md,2151,5b527e24de47b3e5f0f924dd57d4b859ba88ca2c1d914d6a273fb2fd65c69649
